Directory_Name,Level,Index_In_Level,Parent_Index
"../../",0,0,-1
"?",1,0,0
"-|o",2,0,1
"gpu]dangerous.w8->desktop",2,1,1
"+x",3,0,3
"xdb",3,1,3
"xdb",2,2,1
"@.®©",1,1,0
"history",2,3,7
"xdb",1,2,0
"xs",1,3,0
"®©",1,4,0
"⁉️📍️.<b1>.®™",2,4,11
"xdb",3,2,12
"🌌️.<a0>.®™",3,3,12
"🌳️🍎️.<a0>.®™",3,4,12
"🌳️🍎️.<b1>.®™",3,5,12
"🍱️",3,6,12
"🏦️.<a0>.®™",3,7,12
"🏦️.<b1>.®™",3,8,12
"🏭️",3,9,12
"🏰️.<a0>.®™",3,10,12
"🏰️.<b1>.®™",3,11,12
"🐥️.<a0>.®™",3,12,12
"🐥️.<b1>.®™",3,13,12
"💾️.<a1>.®™",3,14,12
"🗑️.<a0>.®™",3,15,12
"🐸️.<a0>",4,0,26
"🧍‍♀️️.<a0>.®™",4,1,26
"🧍‍♂️️.<b1>.®™",4,2,26
"🗾️.<a0>.®™",3,16,12
"🧍🏿‍♀️️.<b1>.®™",3,17,12
"🧍🏿‍♂️️.<a0>.®™",3,18,12
"🧫️.<a0>.®™📌️]a0",3,19,12
"xdb",4,3,33
"🏦️.<a0>.®™",4,4,33
"🏦️.<b1>.®™",4,5,33
"💾️.<b1>.®™",4,6,33
"🔌️.<a0>.®™",4,7,33
"🗑️.<a0>.®™",4,8,33
"🇬🇮️
🤡️💬️",5,0,39
"🐸️.<a0>",5,1,39
"🧍‍♀️️.<a0>.®™",5,2,39
"🧍‍♂️️.<b1>.®™",5,3,39
"🗓️.<a0>.®™",4,9,33
"🧪️",4,10,33
"xdb",5,4,45
"💾️.<a1>.®™",6,0,46
"xs",5,5,45
"🧪️.<a0>.®™",6,1,48
"👨🏽‍🚀️🪄️🏭️🧍‍♂️️]a0",5,6,45
"+x",6,2,50
"xdb",6,3,50
"🥡️.flexbox_test",6,4,50
"🍱️.environment",7,0,53
"🏦️.BPAu.®™",8,0,54
"🏦️.agN4.®™",8,1,54
"🏰️.gaCU.®™",8,2,54
"🏰️.y0u2.®™",8,3,54
"🤡️🪄️🥡️]a0",5,7,45
"+x",6,5,59
"xdb",6,6,59
"🪜️.<a0>]macro-step]a1",6,7,59
"<b1>.micro-piv]d4]good.dox.mehcode",7,1,62
"+x",8,4,63
"aFwQ.🥡️.®™",8,5,63
"gkfB.🗡️.®™",9,0,65
"+x",10,0,66
"🏡.house_1.®™",9,1,65
"NBmC.🐶.®™",10,1,68
"+x",11,0,69
"plugins",11,1,69
"plugins",10,2,68
"clock_1",11,2,72
"map_1",11,3,72
"reWm.🧍‍♂️.®™",10,3,68
"+x",11,4,75
"plugins",11,5,75
"<c1>.indi.push]nos]now!",7,2,62
"how.we.got.here",7,3,62
"xdb",7,4,62
"xs",7,5,62
"🪜️.<a0>.micro-step]🏗️]a1",7,6,62
"+x",8,6,82
"er",8,7,82
"e9AH.🏥️.®™]ER",9,2,84
"e9AH.🥡️.®™",10,4,85
"lZqo.🗡️.®™",11,6,86
"+x",12,0,87
"🏡.house_1.®™",11,7,86
"D7OE.🧍‍♂️.®™",12,1,89
"+x",13,0,90
"plugins",13,1,90
"kyLb.🐶.®™",12,2,89
"+x",13,2,93
"plugins",13,3,93
"plugins",12,3,89
"clock_1",13,4,96
"map_1",13,5,96
"history",8,8,82
"nTcf.🥡️.®™",8,9,82
"jrt9.🗡️.®™",9,3,100
"+x",10,5,101
"🏡.house_1.®™",9,4,100
"Sxk6.🧍‍♂️.®™",10,6,103
"+x",11,8,104
"plugins",11,9,104
"gSdu.🐶.®™",10,7,103
"+x",11,10,107
"plugins",11,11,107
"plugins",10,8,103
"clock_1",11,12,110
"map_1",11,13,110
"x#",8,10,82
"xdb",8,11,82
"xs",8,12,82
"🔺️",8,13,82
"🪜️.<a0>.micro-step]🗡️]b2]PURE",7,7,62
"+x",8,14,117
"bCZu.🥡️.®™",8,15,117
"QVju.🗡️.®™",9,5,119
"+x",10,9,120
"🏡.house_1.®™",9,6,119
"ha0p.🐶.®™",10,10,122
"+x",11,14,123
"plugins",11,15,123
"n0Ls.🧍‍♂️.®™",10,11,122
"+x",11,16,126
"plugins",11,17,126
"plugins",10,12,122
"clock_1",11,18,129
"map_1",11,19,129
"xdb",8,16,117
"🔺️",8,17,117
"🪜️.<a0>.micro-step]🗡️🚜️]c3]",7,8,62
"+x",8,18,134
"bCZu.🥡️.®™",8,19,134
"QVju.🗡️.®™",9,7,136
"+x",10,13,137
"🏡.house_1.®™",9,8,136
"ha0p.🐶.®™",10,14,139
"+x",11,20,140
"plugins",11,21,140
"n0Ls.🧍‍♂️.®™",10,15,139
"+x",11,22,143
"plugins",11,23,143
"plugins",10,16,139
"clock_1",11,24,146
"map_1",11,25,146
"xdb",8,20,134
"🔺️",8,21,134
"🦉️🪄️🏰️🏦️]a1",5,8,45
"+x",6,8,151
"xdb",6,9,151
"🏭🏗️🏫️🏨️🏛️🏪️",6,10,151
"🧭️.<a0>.®™",4,11,33
"🪱️.<a0>.®™",4,12,33
"♟️.<hash>.®™",2,5,11
"🔌️.<hash>.®™",3,20,157
"文",2,6,11
"字]Old.G",3,21,159
"🍱️.<hash>.®™",2,7,11
"💭️",2,8,11
"+x",3,22,162
"🈚️",3,23,162
"+x",4,13,164
"xdb",4,14,164
"👻️",3,24,162
"💾️",3,25,162
"📜️",3,26,162
"🥚️",3,27,162
"☮️",1,5,0
"🪜️.<a0>.micro-step]🗡️🚜️]c3]",2,9,171
"+x",3,28,172
"bCZu.🥡️.®™",3,29,172
"QVju.🗡️.®™",4,15,174
"+x",5,9,175
"🏡.house_1.®™",4,16,174
"ha0p.🐶.®™",5,10,177
"+x",6,11,178
"plugins",6,12,178
"n0Ls.🧍‍♂️.®™",5,11,177
"+x",6,13,181
"plugins",6,14,181
"plugins",5,12,177
"clock_1",6,15,184
"map_1",6,16,184
"xdb",3,30,172
"🔺️",3,31,172
"♊️",1,6,0
"♎️",1,7,0
"text.diffusion",2,10,190
"♎️libra-chat-cli]grok-of-grok♎️",2,11,190
"🈚️📄️",2,12,190
"+x",3,32,193
"xdb",3,33,193
"🈸a1",2,13,190
"+x",3,34,196
"history",3,35,196
"xdb",3,36,196
"🔠️🈯️",2,14,190
"♐️",1,8,0
"!.out2hdmi.module]4all+x]📺️",2,15,201
">.*.maps.loader]🗺️",2,16,201
"cdda.cata-cut🪔️",3,37,203
"Slovil]SAVE]file",4,17,204
"maps",5,13,205
"14.-1.-1",6,17,206
"14.-1.0",6,18,206
"14.-1.1",6,19,206
"14.0.-1",6,20,206
"14.0.0",6,21,206
"14.0.1",6,22,206
"14.0.2",6,23,206
"15.-1.0",6,24,206
"15.0.0",6,25,206
"3.10.-1",6,26,206
"3.10.-2",6,27,206
"3.10.0",6,28,206
"3.10.1",6,29,206
"8.3.-1",6,30,206
"8.3.0",6,31,206
"8.3.1",6,32,206
"8.3.2",6,33,206
"8.3.3",6,34,206
"8.3.4",6,35,206
"8.3.5",6,36,206
"8.3.6",6,37,206
"gfx",4,18,204
"ASCIITileset",5,14,228
"BrownLikeBears",5,15,228
"Cuteclysm",5,16,228
"HitButton_iso",5,17,228
"UltimateCataclysm",5,18,228
"json",4,19,204
"artifact",5,19,234
"ascii_art",5,20,234
"flags",5,21,234
"furniture_and_terrain",5,22,234
"itemgroups",5,23,234
"Agriculture_Forage_Excavation",6,38,239
"Clothing_Gear",6,39,239
"Drugs_Tobacco_Alcohol",6,40,239
"Food",6,41,239
"Locations_MapExtras",6,42,239
"Monsters_Animals_Lairs",6,43,239
"SUS",6,44,239
"Weapons_Mods_Ammo",6,45,239
"items",5,24,234
"ammo",6,46,248
"armor",6,47,248
"book",6,48,248
"classes",6,49,248
"comestibles",6,50,248
"corpses",6,51,248
"generic",6,52,248
"gun",6,53,248
"gunmod",6,54,248
"magazine",6,55,248
"melee",6,56,248
"ranged",6,57,248
"relics",6,58,248
"resources",6,59,248
"tool",6,60,248
"vehicle",6,61,248
"mapgen",5,25,234
"airport",6,62,265
"basecamps",6,63,265
"fbmc_fire_lookout_tower",7,9,267
"fbmc_lighthouse",7,10,267
"fbmc_mansion",7,11,267
"fbmc_pottery_cottage",7,12,267
"fbmc_radio_tower",7,13,267
"modular_canteen",7,14,267
"modular_firestation_1",7,15,267
"modular_livestock",7,16,267
"modular_saltworks",7,17,267
"modular_shelter",7,18,267
"modular_shelter_1",7,19,267
"modular_shelter_2",7,20,267
"modular_storehouse",7,21,267
"modular_workshop",7,22,267
"basement",6,64,265
"bugs",6,65,265
"campus",6,66,265
"buildings",7,23,284
"open_areas",7,24,284
"city_blocks",6,67,265
"fema",6,68,265
"fungal",6,69,265
"house",6,70,265
"isherwood_farms",6,71,265
"lab",6,72,265
"lab_surface",7,25,292
"lake_buildings",6,73,265
"mall",6,74,265
"map_extras",6,75,265
"mi-go",6,76,265
"microlab",6,77,265
"military",6,78,265
"mil_base",7,26,299
"mine",6,79,265
"miniature_railway",6,80,265
"necropolis",6,81,265
"nested",6,82,265
"railroad",6,83,265
"refugee_center",6,84,265
"riverside",6,85,265
"robofaq_locs",6,86,265
"steel_mill",6,87,265
"store",6,88,265
"mapgen_palettes",5,26,234
"campus",6,89,311
"military",6,90,311
"necropolis",6,91,311
"monster_special_attacks",5,27,234
"monsterdrops",5,28,234
"monstergroups",5,29,234
"monsters",5,30,234
"mutations",5,31,234
"npcs",5,32,234
"Backgrounds",6,92,320
"Kindred",6,93,320
"Lighthouse_Family",6,94,320
"godco",6,95,320
"holdouts",6,96,320
"isherwood_farm",6,97,320
"island_prison",6,98,320
"mine",6,99,320
"necropolis",6,100,320
"other",6,101,320
"prisoners",6,102,320
"refugee_center",6,103,320
"beggars",7,27,332
"surface_refugees",7,28,332
"surface_staff",7,29,332
"surface_visitors",7,30,332
"robofac",6,104,320
"robofac_basement_npcs",7,31,337
"tacoma_ranch",6,105,320
"obsoletion",5,33,234
"overmap",5,34,234
"overmap_special",6,106,341
"overmap_terrain",6,107,341
"proficiencies",5,35,234
"recipes",5,36,234
"ammo",6,108,345
"armor",6,109,345
"basecamps",6,110,345
"fbmc_fire_lookout_tower",7,32,348
"fbmc_lighthouse",7,33,348
"fbmc_mansion",7,34,348
"fbmc_pottery_cottage",7,35,348
"fbmc_radio_tower",7,36,348
"recipe_modular_canteen",7,37,348
"recipe_modular_firestation_1",7,38,348
"recipe_modular_livestock",7,39,348
"recipe_modular_saltworks",7,40,348
"recipe_modular_shelter",7,41,348
"recipe_modular_shelter_1",7,42,348
"recipe_modular_shelter_2",7,43,348
"recipe_modular_storehouse",7,44,348
"recipe_modular_workshop",7,45,348
"chem",6,111,345
"electronics",6,112,345
"food",6,113,345
"other",6,114,345
"tools",6,115,345
"weapon",6,116,345
"requirements",5,37,234
"snippets",5,38,234
"uncraft",5,39,234
"ammo",6,117,371
"armor",6,118,371
"cbm",6,119,371
"classes",6,120,371
"food",6,121,371
"tool",6,122,371
"vehicle",6,123,371
"weapon",6,124,371
"vehicleparts",5,40,234
"vehicles",5,41,234
"sokoban.wtf?",4,20,204
"mine-craft.dat's",3,38,203
"ss13🛸️",3,39,203
"_maps]slim",4,21,384
"minigame",5,42,385
"CTF",6,125,386
"basketball",6,126,386
"deathmatch",6,127,386
"mafia",6,128,386
"modular_generic",5,43,385
"safehouses",5,44,385
"TEMPLATES",6,129,392
"shuttles",5,45,385
"emergency_scrapheap",6,130,394
"templates",5,46,385
"lazy_templates",6,131,396
"virtual_domains",5,47,385
"icons",4,22,384
"area",5,48,399
"blanks",5,49,399
"effects",5,50,399
"fov",6,132,402
"light_overlays",6,133,402
"mouse_pointers",6,134,402
"particles",6,135,402
"notes",7,46,406
"hud",5,51,399
"lobby",6,136,408
"map_icons",5,52,399
"clothing",6,137,410
"head",7,47,411
"suit",7,48,411
"under",7,49,411
"items",6,138,410
"mob",5,53,399
"actions",6,139,416
"augmentation",6,140,416
"clothing",6,141,416
"back",7,50,419
"head",7,51,419
"modsuit",7,52,419
"suits",7,53,419
"under",7,54,419
"effects",6,142,416
"huds",6,143,416
"human",6,144,416
"species",7,55,427
"alien",8,22,428
"ethereal",8,23,428
"lizard",8,24,428
"misc",8,25,428
"monkey",8,26,428
"moth",8,27,428
"plasmaman",8,28,428
"inhands",6,145,416
"antag",7,56,436
"clothing",7,57,436
"equipment",7,58,436
"items",7,59,436
"weapons",7,60,436
"large-worn-icons",6,146,416
"64x64",7,61,442
"nonhuman-player",6,147,416
"rideables",6,148,416
"silicon",6,149,416
"simple",6,150,416
"icemoon",7,62,447
"jungle",7,63,447
"lavaland",7,64,447
"telegraphing",6,151,416
"obj",5,54,399
"antags",6,152,452
"cult",7,65,453
"gang",7,66,453
"aquarium",6,153,452
"art",6,154,452
"clothing",6,155,452
"head",7,67,458
"modsuit",7,68,458
"suits",7,69,458
"under",7,70,458
"devices",6,156,452
"doors",6,157,452
"airlocks",7,71,464
"abductor",8,29,465
"centcom",8,30,465
"clockwork",8,31,465
"cult",8,32,465
"runed",9,9,469
"unruned",9,10,469
"external",8,33,465
"hatch",8,34,465
"highsec",8,35,465
"material",8,36,465
"multi_tile",8,37,465
"public",9,11,476
"public",8,38,465
"shuttle",8,39,465
"station",8,40,465
"survival",8,41,465
"tram",8,42,465
"vault",8,43,465
"puzzledoor",7,72,464
"drinks",6,158,452
"fluff",6,159,452
"flora",7,73,486
"food",6,160,452
"holiday",6,161,452
"machines",6,162,452
"atmospherics",7,74,490
"big_manipulator_parts",7,75,490
"engine",7,76,490
"medical",6,163,452
"organs",7,77,494
"mining_zones",6,164,452
"pipes_n_cables",6,165,452
"hydrochem",7,78,497
"science",6,166,452
"service",6,167,452
"hydroponics",7,79,500
"smooth_structures",6,168,452
"alien",7,80,502
"storage",6,169,452
"toys",6,170,452
"tram",6,171,452
"weapons",6,172,452
"bows",7,81,507
"guns",7,82,507
"runtime",5,55,399
"tcg",6,173,510
"stamp_icons",5,56,399
"testing",5,57,399
"turf",5,58,399
"cliff",6,174,514
"floors",6,175,514
"walls",6,176,514
"ui",5,59,399
"achievements",6,177,518
"adventure",6,178,518
"antags",6,179,518
"arcade",6,180,518
"chat",6,181,518
"common",6,182,518
"contracts",6,183,518
"dna",6,184,518
"inventory",6,185,518
"mecha",6,186,518
"notes",6,187,518
"orbit",6,188,518
"particle_editor",6,189,518
"programs",6,190,518
"repairbotmanagement",6,191,518
"safe",6,192,518
"screentips",6,193,518
"tgui",6,194,518
"virtualpet",6,195,518
"ui_icons",5,60,399
"antags",6,196,538
"heretic",7,83,539
"json_configs",4,23,384
"items",5,61,541
"material_effects",5,62,541
"screenshots",4,24,384
"Ⓜ️.Ⓜ️.Master_Format.2csv",3,40,203
"anatomy-2-csv",4,25,545
"🫖️.www]_.Tea.rrmv SS\,388.m]a0",3,41,203
"data",4,26,547
"xdb",5,63,548
"icon",4,27,547
"img",4,28,547
"animations",5,64,551
"bank",5,65,551
"battlebacks1",5,66,551
"battlebacks2",5,67,551
"characters",5,68,551
"enemies",5,69,551
"faces",5,70,551
"parallaxes",5,71,551
"pictures",5,72,551
"sv_actors",5,73,551
"sv_enemies",5,74,551
"system",5,75,551
"tilesets",5,76,551
"tiltes1",5,77,551
"tiltes2",5,78,551
"titles1",5,79,551
"titles2",5,80,551
"js",4,29,547
"libs",5,81,569
"plugins",5,82,569
">.2d.building.multimaps]a0🏢️PURE",2,17,201
"copy-try",3,42,572
"+x",4,30,573
"xdb",4,31,573
"🧚️]b0]23D.lvls]PURE",3,43,572
"+x",4,32,576
"xdb",4,33,576
"🪶️♟️]a0",3,44,572
"+x",4,34,579
"history",4,35,579
"xdb",4,36,579
"xd",5,83,582
">.2d.map.editor",2,18,201
">.3d.map.editor.NOS.link.l8r",2,19,201
">3.d.i🎲️🖌️+🇧🇹️.🆙️.]Ⱄ℠]0000",2,20,201
"+x",3,45,586
"history",3,46,586
"xdb",3,47,586
"🇧🇹️.level.up]23d]Ⱄ℠",3,48,586
"+x",4,37,590
"menu-2-3d?",2,21,201
"rmmv-8bit-chargen.diffuse✨️♐️",2,22,201
"xdb",2,23,201
"🏣️♐️.voxel.3D&AR.grok🗡️🏹️]a0",2,24,201
"+x",3,49,595
"xdb",3,50,595
"xs",3,51,595
"🗡️🏹️.vox.3d.ar.ref🟩️a0]PURE.c",2,25,201
"+x",3,52,599
"⚙️",1,9,0
"⚙️.+x.jobs",2,26,601
"history",3,53,602
"xdb",3,54,602
"⚛️",1,10,0
"⚛️big-bang-nuke-sim-#-4-flexbox",2,27,605
"+x",3,55,606
"⛅️",1,11,0
"a0]🪄️.🎩️(tson)]0000",2,28,608
"+x",3,56,609
"3.main.pipe]",3,57,609
"rap",3,58,609
"user.c54e14cc",3,59,609
"☀️",2,29,608
"☁️",2,30,608
"🌁️.cloud.hosting.cli]a0",2,31,608
"+x",3,60,616
"xdb",3,61,616
"🌈️🌦️.google.cloud.com|jbb.com",2,32,608
"👨🏽‍🚀️
🛸️
🧞‍♂️️",3,62,619
"+x",4,38,620
"xdb",4,39,620
"🎩️
🕶️
TSON:InvMn",2,33,608
"REF-TWARDS-RE-TSON]TASK2",3,63,623
"xdb",3,64,623
"🕶️]a0",3,65,623
"🐙️.git🐙️",2,34,608
"❤️‍🔥️",1,12,0
"賽",1,13,0
"🌏️",1,14,0
"🌐️",1,15,0
"0.search-dl+pagerank]HOLY=♉️a1",2,35,631
"+x",3,66,632
"history",3,67,632
"image-dl",3,68,632
"text-dl",3,69,632
"help",4,40,636
"kpg",4,41,636
"kpop",4,42,636
"pop",4,43,636
"x.http.off",3,70,632
"xdb",3,71,632
"xs",3,72,632
"png=off.4.goog",4,44,643
"⚠️]DONT.DELETE",3,73,632
"+x",4,45,645
"mail-server-prompt]📧️",2,36,631
"🎓️",1,16,0
"#.0.search-dl+pagerank]HOLY=♉️a1",2,37,648
"+x",3,74,649
"history",3,75,649
"image-dl",3,76,649
"text-dl",3,77,649
"help",4,46,653
"kpg",4,47,653
"kpop",4,48,653
"pop",4,49,653
"x.http.off",3,78,649
"xdb",3,79,649
"xs",3,80,649
"png=off.4.goog",4,50,660
"⚠️]DONT.DELETE",3,81,649
"+x",4,51,662
"#.p0od]h18.🐩️.®™]⌨️😎️].T👸🏻️🧼️]a00",2,38,648
"+x",3,82,664
"ER",3,83,664
"history",3,84,664
"maps",3,85,664
"md",3,86,664
"plugins",3,87,664
"maps",4,52,670
"xdb",3,88,664
"history",4,53,672
"xs",4,54,672
"🔺️",3,89,664
"🗒️",3,90,664
"0.edgar]💹️]eh...]onish",2,39,648
"+x",3,91,677
"xdb",3,92,677
"xdb",2,40,648
"🏎️🥌️🗡️",2,41,648
"🛩️",2,42,648
"🦉️",2,43,648
"MAMO",3,93,683
"form10-ka]mamo_files",4,55,684
"MCOM",3,94,683
"xs",3,95,683
"EZGO",4,56,687
"🧼️",2,44,648
"#.🏰️🎯️",3,96,689
"xdb",3,97,689
"🚞️🏰️🚞️🧷️",3,98,689
"xdb",4,57,692
"🐾️🐾️🐾️🐾️",4,58,692
"🥌️.TSTONE]FINAL]SHIP",4,59,692
"🥌️🗡️",4,60,692
"🥌️🗡️🛡️🧷️",3,99,689
"#.p0od]h18.🐩️.®™]⌨️😎️].T👸🏻️🧼️]a1",4,61,697
"+x",5,84,698
"maps",5,85,698
"plugins",5,86,698
"maps",6,197,701
"xdb",5,87,698
"history",6,198,703
"xs",6,199,703
"🔺️",5,88,698
"md",6,200,706
"🗒️",5,89,698
"🧼️",5,90,698
"ER",6,201,709
"history",6,202,709
"1.🪖️.pre-arm]a0",4,62,697
"SHIP",5,91,712
"2.RENDER.®️®️]a0",4,63,697
"#.fake_cli.only]out2.txt]ON",5,92,714
"+x",6,203,715
"xdb",6,204,715
"xs",6,205,715
"2.render2]CLWN]G",5,93,714
"+x",6,206,719
"xdb",6,207,719
"2.render2]TSOT",5,94,714
"+x",6,208,722
"3.fake_cli.only]out2.txt]ON",6,209,722
"+x",7,84,724
"xdb",7,85,724
"xdb",6,210,722
"xs",6,211,722
"3.split-less=📺📺🔧️]a1",5,95,714
"+x",6,212,729
"PURE",6,213,729
"debug",6,214,729
"er",6,215,729
"history]b1",6,216,729
"history]a0",7,86,734
"xdb",6,217,729
"SHIP",5,96,714
"er",5,97,714
"2.render2]CLWN]X",6,218,738
"+x",7,87,739
"xdb",7,88,739
"2.render2]TSOT]FIX",6,219,738
"+x",7,89,742
"xdb",7,90,742
"ref",5,98,714
"2.render.2]METH",6,220,745
"+x",7,91,746
"xdb",7,92,746
"xdb",5,99,714
"👨🏽‍🚀️",5,100,714
"ER",4,64,697
"SHIP",4,65,697
"test",4,66,697
"xdb",4,67,697
"🛡️.ARMOR.OF.WAR.NOW!]a1",4,68,697
"#.p0od]h18.🐩️.®™]⌨️😎️].TSON👸🏻️",5,101,755
"+x",6,221,756
"ER",6,222,756
"history",6,223,756
"maps",6,224,756
"md",6,225,756
"plugins",6,226,756
"maps",7,93,762
"xdb",6,227,756
"history",7,94,764
"xs",7,95,764
"🔺️",6,228,756
"🗒️",6,229,756
"#.spasim]📺️]term&gl-input]a0]POV?",5,102,755
"+x",6,230,769
"eh",6,231,769
"xdb",6,232,769
"#.🇬🇮️",5,103,755
"xdb",5,104,755
"🌍⛏️🐒️.0.mc_munqio-gal]🌐️]a0",5,105,755
"+x",6,233,775
"history",6,234,775
"xdb",6,235,775
"🌐️🗺️🧫️.voxel_sphere_lab]a0",5,106,755
"2.Mid.urf.PLAY]loglev]🪓️🤓️🪄️🪵️a0",6,236,779
"xdb",7,96,780
"xrl",8,44,781
"history",9,12,782
"xol",7,97,780
"🧪️.pre-tmpt]🟨️]b1]PURE",8,45,784
"+x",9,13,785
"maps",9,14,785
"tmp",9,15,785
"xdb",9,16,785
"xs",9,17,785
"🐈‍⬛️.🔘️",7,98,780
"+x",8,46,791
"history",8,47,791
"xdb",9,18,793
"🗺️.🖌️",7,99,780
"🥡️.🏘️",7,100,780
"🥡️.🛖️.®™]jul8]a0",7,101,780
"PURE",8,48,797
"bo$$.🪆️.®™",8,49,797
"jul8.🏚️.®™]b2",8,50,797
"+x",9,19,800
"-x",9,20,800
"files",10,17,802
"plugins",10,18,802
"maps",9,21,800
"xdb",10,19,805
"super_map",9,22,800
"xdb",9,23,800
"xmp",9,24,800
"xs",9,25,800
"🔌️.®™",9,26,800
"p1ug.🎥️.®™]3d.cam.gl.orb]a0]off",10,20,811
"+x",11,26,812
"p1uk.🎥️.®™]3d.cam.gl.1k]a0",10,21,811
"+x",11,27,814
"🔘️.®™",9,27,800
"xdb",10,22,816
"jul8.🗡️.®™",8,51,797
"jul8.🚘️.®™",8,52,797
"jul8.🗡️.®™ (copy)",9,28,819
"xdb",8,53,797
"xs",8,54,797
"jul8.🛖️.®™]a0",9,29,822
"+x",10,23,823
"-x",10,24,823
"files",11,28,825
"plugins",11,29,825
"maps",10,25,823
"super_map",10,26,823
"xdb",10,27,823
"🔌️",10,28,823
"🔘️",10,29,823
"🥡️.🥡️.tmpt]a0",7,102,780
"bCZu.🥡️.®™",8,55,833
"QVju.🗡️.®™",9,30,834
"+x",10,30,835
"🏡.house_1.®™",9,31,834
"ha0p.🐶.®™",10,31,837
"+x",11,30,838
"plugins",11,31,838
"n0Ls.🧍‍♂️.®™",10,32,837
"+x",11,32,841
"plugins",11,33,841
"plugins",10,33,837
"clock_1",11,34,844
"map_1",11,35,844
"jun6.🥡️.®™",8,56,833
"jul7.🐈️.®™",9,32,847
"🔘️",10,34,848
"🏝️",9,33,847
"🐒️",9,34,847
"🗡️",9,35,847
"🧪️.simlink",9,36,847
"🏘️.building.bank",8,57,833
"🏝️",8,58,833
"🏠️",8,59,833
"🏦️.bank.bank",8,60,833
"🏰️",8,61,833
"🐒️",8,62,833
"🐧🐧🐧.npc.bank",8,63,833
"🗡️",8,64,833
"🧪️",8,65,833
"🪄️",8,66,833
"🧪️]jul8.🏚️.®™]d10",7,103,780
"jl69.🥡️.®™]🟦🟥️🟨️]a0",8,67,864
"!.goin.🔵️.®™]x0🟢️⏺️🚦️]e4",9,37,865
"+x",10,35,866
"xdb",10,36,866
"xid",10,37,866
"xs",10,38,866
"🔌️.®™]a0.+rgb]bypassing!👁️]c2",10,39,866
"+x",11,36,871
"data",11,37,871
"history",11,38,871
"p1ug.🎥️.®™]3d.cam.gl.orb]a0]off",12,4,874
"+x",13,6,875
"p1uk.🎥️.®™]3d.cam.gl.1k]a0",12,5,874
"+x",13,7,877
"maps",11,39,871
"xdb",12,6,879
"super_maps",11,40,871
"super_states",11,41,871
"xdb",12,7,882
"x",13,8,883
"xs",13,9,883
"xby",11,42,871
"xdb",11,43,871
"xide",11,44,871
"xs",11,45,871
"🔌️.®™]a0]🎁️]w30",10,40,866
"+x",11,46,890
"data",11,47,890
"history",11,48,890
"p1ug.🎥️.®™]3d.cam.gl.orb]a0]off",12,8,893
"+x",13,10,894
"p1uk.🎥️.®™]3d.cam.gl.1k]a0",12,9,893
"+x",13,11,896
"maps",11,49,890
"xdb",12,10,898
"super_maps",11,50,890
"super_states",11,51,890
"xdb",12,11,901
"x",13,12,902
"xs",13,13,902
"xdb",11,52,890
"xide",11,53,890
"🚦️🏎️🏎️🏎️]a2]GOIN!",10,41,866
"Fas7.🥡️.®™]🔳️⏹️]A0",11,54,907
"earf.🌎️.®™",12,12,908
"Lnd1.🏝️.®™",13,14,909
"bloq.🧱️.®™](stacking inventory)",14,0,910
"cas1.🏰️.®™{1rstBank}",14,1,910
"crsr.🗡️.®™]a0📌️",14,2,910
"bloq.🧱️.®™](stacking inventory)",15,0,913
"clzn.🔫️.®™",15,1,913
"watr.💧️.",16,0,915
"xdb",15,2,913
"♎️.dir.weights.maker🐰️
♎️🥋️
🗃️",15,3,913
"🔘️📯️📌️]a0]GO!",15,4,913
"+x",16,1,919
"xdb",16,2,919
"🗺️",15,5,913
"🗺️🗺️",15,6,913
"🗾️",15,7,913
"🗾️ 🗾️",15,8,913
"🟨️",15,9,913
"🤳️.]a0]GO!",15,10,913
"🔌️.®™]a0.+rgb]bypassing!👁️]c2",16,3,927
"+x",17,0,928
"data",17,1,928
"history",17,2,928
"p1ug.🎥️.®™]3d.cam.gl.orb]a0]off",18,0,931
"+x",19,0,932
"p1uk.🎥️.®™]3d.cam.gl.1k]a0",18,1,931
"+x",19,1,934
"maps",17,3,928
"xdb",18,2,936
"super_maps",17,4,928
"super_states",17,5,928
"xdb",18,3,939
"x",19,2,940
"xs",19,3,940
"xby",17,6,928
"xdb",17,7,928
"xide",17,8,928
"xs",17,9,928
"mann.🧍️.®™",14,3,910
"🔌️.®™]a0",15,11,947
"+x",16,4,948
"data",16,5,948
"history",16,6,948
"p1ug.🎥️.®™]3d.cam.gl.orb]a0]off",17,10,951
"+x",18,4,952
"p1uk.🎥️.®™]3d.cam.gl.1k]a0",17,11,951
"+x",18,5,954
"maps",16,7,948
"xdb",17,12,956
"super_maps",16,8,948
"super_states",16,9,948
"xdb",17,13,959
"x",18,6,960
"xs",18,7,960
"xdb",16,10,948
"xide",16,11,948
"wmnn🧍‍♀️️.®™",14,4,910
"xdb",14,5,910
"xide",14,6,910
"AwOW🛸️.®™",15,12,967
"bnk1.🏦️.®™",15,13,967
"bnk1.🏦️.®™ (copy)",15,14,967
"cas1.🏰️.®™{1rstBank}",15,15,967
"cas2.🏰️ .®™",15,16,967
"XDB",11,55,907
"-x",9,38,865
"files",10,42,974
"plugins",10,43,974
"curr.🟧️.®™",9,39,865
"redy.🟥️.®™",9,40,865
"+x",10,44,978
"xdb",9,41,865
"xrf",9,42,865
"xs",9,43,865
"redo.🔵️.®™]z0000🟢️🟢️]PURE",10,45,982
"+x",11,56,983
"xdb",11,57,983
"xid",11,58,983
"xs",11,59,983
"🔌️.®™]a0",11,60,983
"+x",12,13,988
"data",12,14,988
"history",12,15,988
"p1ug.🎥️.®™]3d.cam.gl.orb]a0]off",13,15,991
"+x",14,7,992
"p1uk.🎥️.®™]3d.cam.gl.1k]a0",13,16,991
"+x",14,8,994
"maps",12,16,988
"xdb",13,17,996
"super_maps",12,17,988
"super_states",12,18,988
"2",13,18,999
"1",14,9,1000
"xdb",12,19,988
"xide",12,20,988
"xrk",12,21,988
"xrl",12,22,988
"history",13,19,1005
"xs",12,23,988
"zglo.🟧️=🟨️.®™",9,44,865
"♟️🗡️
   🐁️⚡️",10,46,1008
"⚖️",9,45,865
"🔌️.®™",9,46,865
"+x",10,47,1011
"data",10,48,1011
"history",10,49,1011
"p1ug.🎥️.®™]3d.cam.gl.orb]a0]off",11,61,1014
"+x",12,24,1015
"p1uk.🎥️.®™]3d.cam.gl.1k]a0",11,62,1014
"+x",12,25,1017
"maps",10,50,1011
"xdb",11,63,1019
"super_maps",10,51,1011
"super_states",10,52,1011
"xdb",10,53,1011
"xide",10,54,1011
"xrk",10,55,1011
"xrl",10,56,1011
"history",11,64,1026
"xs",10,57,1011
"🔘️.®™",9,47,865
"+x",10,58,1029
"xdb",10,59,1029
"xide",10,60,1029
"🧙‍♂️🪄️💭️",9,48,865
"1.reprompt-#1]skele💀️]a0",10,61,1033
"+x",11,65,1034
"maps",11,66,1034
"super_states",11,67,1034
"2.reprompt-#2]skele☠️]a0",10,62,1033
"+x",11,68,1038
"maps",11,69,1038
"super_states",11,70,1038
"xdb",10,63,1033
"xs",10,64,1033
"🔌️.®™]a0]13🎴️]a0",11,71,1043
"+x",12,26,1044
"data",12,27,1044
"history",12,28,1044
"p1ug.🎥️.®™]3d.cam.gl.orb]a0]off",13,20,1047
"+x",14,10,1048
"p1uk.🎥️.®™]3d.cam.gl.1k]a0",13,21,1047
"+x",14,11,1050
"maps",12,29,1044
"xdb",13,22,1052
"super_maps",12,30,1044
"super_states",12,31,1044
"xdb",13,23,1055
"x",14,12,1056
"xs",14,13,1056
"xdb",12,32,1044
"xide",12,33,1044
"🔌️.®™]a0]14🃏️]a0",11,72,1043
"+x",12,34,1061
"data",12,35,1061
"history",12,36,1061
"p1ug.🎥️.®™]3d.cam.gl.orb]a0]off",13,24,1064
"+x",14,14,1065
"p1uk.🎥️.®™]3d.cam.gl.1k]a0",13,25,1064
"+x",14,15,1067
"maps",12,37,1061
"xdb",13,26,1069
"segfaults.galor",12,38,1061
"super_maps",12,39,1061
"super_states",12,40,1061
"xdb",13,27,1073
"x",14,16,1074
"xs",14,17,1074
"xdb",12,41,1061
"xide",12,42,1061
"🔌️.®™]a0]55🃏️🃏️]ZZ000",11,73,1043
"+x",12,43,1079
"data",12,44,1079
"history",12,45,1079
"p1ug.🎥️.®™]3d.cam.gl.orb]a0]off",13,28,1082
"+x",14,18,1083
"p1uk.🎥️.®™]3d.cam.gl.1k]a0",13,29,1082
"+x",14,19,1085
"maps",12,46,1079
"xdb",13,30,1087
"segfaults.galor",12,47,1079
"super_maps",12,48,1079
"super_states",12,49,1079
"xdb",13,31,1091
"x",14,20,1092
"xs",14,21,1092
"xdb",12,50,1079
"xide",12,51,1079
"xs",12,52,1079
"🔌️.®™]a0.+rgb]bypassing!👁️]c2",10,65,1033
"+x",11,74,1098
"data",11,75,1098
"history",11,76,1098
"p1ug.🎥️.®™]3d.cam.gl.orb]a0]off",12,53,1101
"+x",13,32,1102
"p1uk.🎥️.®™]3d.cam.gl.1k]a0",12,54,1101
"+x",13,33,1104
"maps",11,77,1098
"xdb",12,55,1106
"super_maps",11,78,1098
"super_states",11,79,1098
"xdb",12,56,1109
"x",13,34,1110
"xs",13,35,1110
"xby",11,80,1098
"xdb",11,81,1098
"xide",11,82,1098
"xs",11,83,1098
"🧿️
📺️",9,49,865
"xdb",10,66,1117
"🔌️.®™]a0.+rgb]bypassing!👁️]c2",10,67,1117
"+x",11,84,1119
"data",11,85,1119
"history",11,86,1119
"p1ug.🎥️.®™]3d.cam.gl.orb]a0]off",12,57,1122
"+x",13,36,1123
"p1uk.🎥️.®™]3d.cam.gl.1k]a0",12,58,1122
"+x",13,37,1125
"maps",11,87,1119
"xdb",12,59,1127
"super_maps",11,88,1119
"super_states",11,89,1119
"xdb",12,60,1130
"x",13,38,1131
"xs",13,39,1131
"xby",11,90,1119
"xdb",11,91,1119
"xide",11,92,1119
"xs",11,93,1119
"xdb",8,68,864
"🪄️.💫️",7,104,780
"3.vox._editr.🗡️🌐️🗺️✍🏽️b1]RPGV",6,237,779
"+x",7,105,1140
"xdb",7,106,1140
"xs",7,107,1140
"4.gui.temp.gl✒️🔲️🏴‍☠️️.a0+1]SHIP",6,238,779
"+x",7,108,1144
"er",7,109,1144
"xdb",7,110,1144
"XHIP",6,239,779
"xdb",6,240,779
"🗡️🏹️.vox.3d.ar+🎁️.ref🟩️a0]PURE.c",5,107,755
"+x",6,241,1150
"🪨️🗡️🏰️🎠️🛡️.dao.w]🏍️e7💎️",5,108,755
"+x",6,242,1152
"files",6,243,1152
"maps",6,244,1152
"new",6,245,1152
"plugins",6,246,1152
"tools",6,247,1152
"xdb",6,248,1152
"xs",6,249,1152
"🎚️",1,17,0
"🎨️",1,18,0
"xdb",2,45,1162
"🤡️🥶 quinti",2,46,1162
"🎩️.JBMBROOKS.COM",1,19,0
"history]index.html]",2,47,1165
"jul8-2025]a0",3,100,1166
"jul9-2025]a0",3,101,1166
"jbmbrooks.com]cpanel]😶‍🌫️️🔐️]a0",2,48,1165
"xdb",3,102,1169
"security+",2,49,1165
"visitors",2,50,1165
"🎩️
🤵🏾‍♂️️
🛸️",2,51,1165
"🎪️",1,20,0
"💲️.$lack",2,52,1174
"🚌️🚍️.🚐️.📇️🤹🏽‍♂️️.bus-tour.crm",2,53,1174
"matrix?",3,103,1176
"xdb",3,104,1176
"🥏️",2,54,1174
"dox",3,105,1179
"🎭",3,106,1179
"!.disc.orb🎭snd&rcv]007]🆘️✅️$d8",4,69,1181
"+x",5,109,1182
"xdb",5,110,1182
"history",6,250,1184
"xer",5,111,1182
"xlt",5,112,1182
"#.🧰️☎️",4,70,1181
"3.card.montEZ.disk]🃏🃏🃏",4,71,1181
"xdb",4,72,1181
"history",5,113,1190
"🎮️",1,21,0
"🎰️",1,22,0
"🏛️",1,23,0
"🏦️",1,24,0
"#.^.🦄️yahoo]🖨️.fixd]a1]💵]2",2,55,1195
"xdb",3,107,1196
"#.🇬🇵️🌍️🌱️👫️.ad&eve]PURE",2,56,1195
"+x",3,108,1198
"clone-mob]🧪️🧬️🏷️",3,109,1198
"history",3,110,1198
"meh",3,111,1198
"xdb",3,112,1198
"#.🦄️yahoo]🏦️🇬🇮️]grokd♉️]a0",2,57,1195
"+.menu]edgar.4.bvp",3,113,1204
"?.🔒️💴️.y.mod.now!]g17+]REF🥶️",3,114,1204
"+x",4,73,1206
"xdb",4,74,1206
"xer",5,114,1208
"4.autoMAN-time=$🤖️algos]a0",2,58,1195
"a0",3,115,1210
"💴️.$.yahoo.-re-re.done👍🏻️]a0]+-",3,116,1210
"$.yahoo🏦️.fin+📊️]h13🧠️🍧️]PURE",4,75,1212
"+x",5,115,1213
"predictions]quarantined]on]a0",5,116,1213
"+x",6,251,1215
"xdb",6,252,1215
"xdb",5,117,1213
"🔺️",5,118,1213
"xdb",4,76,1212
"?",2,59,1195
"WGU-SIM♉️]🦉️🚴‍♀️️🚵🏽️",2,60,1195
"WSR🏦️]NOW.2DAY!♉️♟️📍️",2,61,1195
"+x",3,117,1223
".<hash>",3,118,1223
"xdb",3,119,1223
"⁉️📍️.<a1>.®™",3,120,1223
"🌌️.<a0>.®™",4,77,1227
"🏦️.<a0>.®™",4,78,1227
"🏦️.<b1>.®™",4,79,1227
"🏰️.<a0>.®™",4,80,1227
"🏰️.<b1>.®™",4,81,1227
"🐥️.<a0>.®™",4,82,1227
"🐥️.<b1>.®™",4,83,1227
"🗑️.<a0>.®™",4,84,1227
"🐸️.<a0>",5,119,1235
"🗾️.<a0>..®™",4,85,1227
"🧍‍♀️️.<a0>.®™",4,86,1227
"🧍‍♂️️.<b1>.®™",4,87,1227
"🧍🏿‍♀️️.<b1>.®™",4,88,1227
"🧍🏿‍♂️️.<a0>.®™",4,89,1227
"♑️+♐️+?♎️",3,121,1223
"♟️.<hash>.®™",3,122,1223
"🔌️.<hash>.®™",4,90,1243
"🍱️.<hash>.®™",3,123,1223
"💭️",3,124,1223
"+x",4,91,1246
"👻️",4,92,1246
"💾️",4,93,1246
"📜️",4,94,1246
"🥚️",4,95,1246
"xdb",2,62,1195
"♻️❤️‍🩹️.reduce=refactor=🇬🇮️🐩️]🚳️",2,63,1195
"$.yahoo🏦️.fin+📊️]h13♻️=🐩️]PURE",3,125,1253
"+x",4,96,1254
"predictions]quarantined]on]a0",4,97,1254
"+x",5,120,1256
"xdb",5,121,1256
"xdb",4,98,1254
"🔺️",4,99,1254
"xs",3,126,1253
"$.yahoo🏦️.fin+📊️]h13♻️RE]a0",4,100,1261
"+x",5,122,1262
"predictions]quarantined]on]a0",5,123,1262
"+x",6,253,1264
"xdb",6,254,1264
"xdb",5,124,1262
"🔺️",5,125,1262
"🎯️.EMULATION_TARGETS",2,64,1195
"🏦️🎰️📈️📉️📝️[money-pen]a0",2,65,1195
"+x",3,127,1270
"?",3,128,1270
"BESTS",3,129,1270
"er",3,130,1270
"history",3,131,1270
"xdb",3,132,1270
"xs",3,133,1270
"💴️.$.yahoo.-re-re.done👍🏻️]a0]PURE",2,66,1195
"$.yahoo🏦️.fin+📊️]h13🧠️🍧️]PURE",3,134,1278
"+x",4,101,1279
"predictions]quarantined]on]a0",4,102,1279
"+x",5,126,1281
"xdb",5,127,1281
"xdb",4,103,1279
"🔺️",4,104,1279
"xdb",3,135,1278
"🏦️.PURE$",3,136,1278
"$.yahoo🏦️.fin+📊️]g12]HOLY",4,105,1287
"+x",5,128,1288
"xdb",5,129,1288
"🔺️",5,130,1288
"🐈‍⬛️",1,25,0
"0.visulize-dirs-NOW!.get.it?]gl=gnome",2,67,1292
"1.ninhoki.cathalo.os📼️📽️🐈‍⬛️📯️]a1",2,68,1292
"+x",3,137,1294
"history",3,138,1294
"xdb",4,106,1296
"xdb",3,139,1294
"xs",3,140,1294
"2.TeST]b2.🥡️.®™",2,69,1292
"test",3,141,1300
"xdb",3,142,1300
"🏡.house_1]a3.®™",4,107,1302
"$",5,131,1303
"+x",5,132,1303
"NeVV.🗡️]a2.®™",5,133,1303
"+x",6,255,1306
"plugins",6,256,1306
"xdb",6,257,1306
"xs",6,258,1306
"NeVV.🗡️]b3.®™",5,134,1303
"+x",6,259,1311
"plugins",6,260,1311
"xdb",6,261,1311
"xs",6,262,1311
"maps",5,135,1303
"p0od]b1.🐩️.®™",5,136,1303
"+x",6,263,1317
"plugins",6,264,1317
"maps",7,111,1319
"xdb",6,265,1317
"plugins",5,137,1303
"clock_1",6,266,1322
"maps",6,267,1322
"xdb",5,138,1303
"🏡.house_1]b4.®™",3,143,1300
"$",4,108,1326
"+x",4,109,1326
"NeVV.🗡️]a2.®™",4,110,1326
"+x",5,139,1329
"plugins",5,140,1329
"xdb",5,141,1329
"xs",5,142,1329
"NeVV.🗡️]b3.®™",4,111,1326
"+x",5,143,1334
"plugins",5,144,1334
"xdb",5,145,1334
"xs",5,146,1334
"maps",4,112,1326
"p0od]b1.🐩️.®™",4,113,1326
"+x",5,147,1340
"plugins",5,148,1340
"maps",6,268,1342
"xdb",5,149,1340
"p0od]c2.🐩️.®™✅️",4,114,1326
"+x",5,150,1345
"history",5,151,1345
"xdb",6,269,1347
"maps",5,152,1345
"plugins",5,153,1345
"maps",6,270,1350
"xdb",5,154,1345
"p0od]d8.🐩️.®™]SUBMEN",4,115,1326
"+x",5,155,1353
"history",5,156,1353
"maps",5,157,1353
"md",5,158,1353
"plugins",5,159,1353
"maps",6,271,1358
"xdb",5,160,1353
"xs",5,161,1353
"🗒️",5,162,1353
"plugins",4,116,1326
"clock_1",5,163,1363
"maps",5,164,1363
"xdb",4,117,1326
"🏭️.factory_1]a0.®™",3,144,1300
"+x",4,118,1367
"@.nimos🐈‍⬛️.zipz",2,70,1292
"xdb",2,71,1292
"😀",2,72,1292
"xdb",3,145,1371
"😀.Emojio🥡️.®™",3,146,1371
"😀free.gl.NOW![a0]PURE",3,147,1371
"+x",4,119,1374
"xdb",4,120,1374
"🐰️",1,26,0
"👵🏻️",1,27,0
"🚰️1p.btq.faucet]🚰️🪙️🚿️]0001",2,73,1378
"+x",3,148,1379
"history🚰️",3,149,1379
"play.date-a🃏️",3,150,1379
"xdb",3,151,1379
"xs",3,152,1379
"🥇️1.rst.fin_ST8.Baincry🏦️🏢️
🚱️",3,153,1379
"$.accounting🗃️🗺️
📌️",4,121,1385
"odd-luck]CHEATERS-R-REAL",5,165,1386
"software]📟️🦙️
📌️",5,166,1386
"+x",6,272,1388
"history",6,273,1388
"xdb",6,274,1388
"xdb",5,167,1386
"$.data
🫁️
🥇️",4,122,1385
"xdb",5,168,1393
"+x",4,123,1385
"xdb",4,124,1385
"🥇️.air-nnex+-wsr🏦️",4,125,1385
"+x",5,169,1397
"fed",5,170,1397
"xdb",5,171,1397
"🥇️.r-crypto-mods]+-p2p?🪙️",4,126,1385
"🪙️.iltrl.sim.bot]Push]🔫️🍾️🪞️
🤖️🪤️🏘️",4,127,1385
"💌️",1,28,0
"xdb",2,74,1403
"💳️",1,29,0
"xdb",2,75,1405
"👢️",2,76,1405
"📓️",1,30,0
"📚️",1,31,0
"📥️",1,32,0
"!.ollama-groked]🎖️🌋️]00🇸🇱️🇸🇽️",2,77,1410
"+x",3,154,1411
"#.♑️.f34.sim.wu🏫️🏦️🏭️.d13]🎁️+💌️]a0",2,78,1410
"+x",3,155,1413
"dox",3,156,1413
"xdb",3,157,1413
"xog",3,158,1413
"obsolete",4,128,1417
"xs",3,159,1413
">.grok.2️⃣️d.orb]🇬🇮️
🔮️
♟️]3]0000",2,79,1410
"+x",3,160,1420
"xdb",3,161,1420
"xr",2,80,1410
"❤️‍🔥️.qang-checkers]human-rl]🏰️",2,81,1410
"+x",3,162,1424
"xdb",3,163,1424
"xs",3,164,1424
"📱 🗡️.tsots-ios-classics",1,33,0
"Booty",2,82,1428
"Booty",3,165,1429
"__MACOSX",3,166,1429
"Booty",4,129,1431
"Bots",2,83,1428
"Hax",2,84,1428
"Hax",3,167,1434
"__MACOSX",3,168,1434
"Hax",4,130,1436
"MyChara",2,85,1428
"MyChara",3,169,1438
"__MACOSX",3,170,1438
"MyChara",4,131,1440
"🏰️df-ai",2,86,1428
"🏰️-df",3,171,1442
"+x",4,132,1443
"xdb",4,133,1443
"🔺️",1,34,0
"!.DOX.readme",2,87,1446
"!.MARKETING.material",2,88,1446
"history",2,89,1446
"🕴️",1,35,0
"🗓️",1,36,0
"🗨️",1,37,0
"🗺️",1,38,0
"history",2,90,1453
"🗿️",1,39,0
"7.🏎️🎥️🟨️🗺️💸️]g12]fix🛠️",2,91,1455
"+",3,172,1456
"failed_ops]state.txt]2slow",3,173,1456
"xdb",2,92,1455
"📺️.rgb.format2.bypass_gl",2,93,1455
"1.reprompt-#1]skele💀️]a0",3,174,1460
"+x",4,134,1461
"maps",4,135,1461
"super_states",4,136,1461
"2.reprompt-#2]skele☠️]a0",3,175,1460
"+x",4,137,1465
"maps",4,138,1465
"super_states",4,139,1465
"🚆️",1,40,0
"xdb",2,94,1469
"🚆️.cl_2_run_anything]a1.+x",2,95,1469
"+x",3,176,1471
"xdb",3,177,1471
"🚵🏻‍♀️️",1,41,0
"##
🏣️🗼️
🧫️🩸️
🧰️📮️
a0",2,96,1474
"#.bCZu.🥡️.®™]🃏️",3,178,1475
"QVju.🗡️.®™",4,140,1476
"+x",5,172,1477
"🏡.house_1.®™",4,141,1476
"ha0p.🐶.®™",5,173,1479
"+x",6,275,1480
"plugins",6,276,1480
"n0Ls.🧍‍♂️.®™",5,174,1479
"+x",6,277,1483
"plugins",6,278,1483
"plugins",5,175,1479
"clock_1",6,279,1486
"map_1",6,280,1486
"#.♑️.f34.sim.wu🏫️🏦️🏭️.d13]🎁️",2,97,1474
"+x",3,179,1489
"dox",3,180,1489
"xdb",3,181,1489
"xog",3,182,1489
"obsolete",4,142,1493
"xs",3,183,1489
"#.🦉️🪄️🏰️🏦️]a1",2,98,1474
"+x",3,184,1496
"xdb",3,185,1496
"🏭🏗️🏫️🏨️🏛️🏪️",3,186,1496
"#.🪜️.<a0>.micro-step]🗡️🚜️]c3]",2,99,1474
"+x",3,187,1500
"bCZu.🥡️.®™",3,188,1500
"QVju.🗡️.®™",4,143,1502
"+x",5,176,1503
"🏡.house_1.®™",4,144,1502
"ha0p.🐶.®™",5,177,1505
"+x",6,281,1506
"plugins",6,282,1506
"n0Ls.🧍‍♂️.®™",5,178,1505
"+x",6,283,1509
"plugins",6,284,1509
"plugins",5,179,1505
"clock_1",6,285,1512
"map_1",6,286,1512
"xdb",3,189,1500
"🔺️",3,190,1500
"xdb",2,100,1474
"💡️
🦉️
🇬🇮️",2,101,1474
"xdb",3,191,1518
"xs",3,192,1518
"@",4,145,1520
"🏫️",3,193,1518
"+x",4,146,1522
"0.env_runner_4sim]wu]a0",4,147,1522
"bank_0]",4,148,1522
"bank_1&2]from_factory",4,149,1522
"post-banks=bikes",4,150,1522
"bikeshop_0",5,180,1527
"bikeshop_1&2]from_factory",5,181,1527
"🛖️",3,194,1518
"🧬️genesis-story?🌍️]try]a0",4,151,1530
"##
🏣️🗼️
🧫️🩸️
🧰️📮️
a0",5,182,1531
"#.bCZu.🥡️.®™]🃏️",6,287,1532
"QVju.🗡️.®™",7,112,1533
"+x",8,69,1534
"🏡.house_1.®™",7,113,1533
"ha0p.🐶.®™",8,70,1536
"+x",9,50,1537
"plugins",9,51,1537
"n0Ls.🧍‍♂️.®™",8,71,1536
"+x",9,52,1540
"plugins",9,53,1540
"plugins",8,72,1536
"clock_1",9,54,1543
"map_1",9,55,1543
"xdb",5,183,1531
"🎣️.fished-out(marlin)]a0",5,184,1531
"🥇️.fishtank.firth",5,185,1531
"eden-isle",6,288,1548
"🥤️.fish-bank(tank)]a0",5,186,1531
"🛢️",2,102,1474
"##
🏣️🗼️
🧫️🩸️
🧰️📮️
a0",3,195,1551
"#.bCZu.🥡️.®™]🃏️",4,152,1552
"QVju.🗡️.®™",5,187,1553
"+x",6,289,1554
"🏡.house_1.®™",5,188,1553
"ha0p.🐶.®™",6,290,1556
"+x",7,114,1557
"plugins",7,115,1557
"n0Ls.🧍‍♂️.®™",6,291,1556
"+x",7,116,1560
"plugins",7,117,1560
"plugins",6,292,1556
"clock_1",7,118,1563
"map_1",7,119,1563
"xdb",3,196,1551
"🏦️",3,197,1551
"🥤️.fish-bank(tank)]a1",3,198,1551
"🦐️x100",4,153,1568
"🧽️",3,199,1551
"##
🏣️🗼️
🧫️🩸️
🧰️📮️
a0",4,154,1570
"#.bCZu.🥡️.®™]🃏️",5,189,1571
"QVju.🗡️.®™",6,293,1572
"+x",7,120,1573
"🏡.house_1.®™",6,294,1572
"ha0p.🐶.®™",7,121,1575
"+x",8,73,1576
"plugins",8,74,1576
"n0Ls.🧍‍♂️.®™",7,122,1575
"+x",8,75,1579
"plugins",8,76,1579
"plugins",7,123,1575
"clock_1",8,77,1582
"map_1",8,78,1582
"xdb",4,155,1570
"xs",4,156,1570
"x💾️",4,157,1570
"x🗑️",4,158,1570
"🍍️",4,159,1570
"🍘️",4,160,1570
"🏪️",4,161,1570
"🏭️]a0",4,162,1570
"▪️➕️✖️",5,190,1592
"▪️🔌️]a0",5,191,1592
"xdb",6,295,1594
"🐚️]a0",6,296,1594
"xdb",7,124,1596
"▪️➕️✖️",7,125,1596
"▪️🔌️",7,126,1596
"##
🏣️🗼️
🧫️🩸️
🧰️📮️
a1",8,79,1599
"#.bCZu.🥡️.®™]🃏️",9,56,1600
"QVju.🗡️.®™",10,68,1601
"+x",11,94,1602
"🏡.house_1.®™",10,69,1601
"ha0p.🐶.®™",11,95,1604
"+x",12,61,1605
"plugins",12,62,1605
"n0Ls.🧍‍♂️.®™",11,96,1604
"+x",12,63,1608
"plugins",12,64,1608
"plugins",11,97,1604
"clock_1",12,65,1611
"map_1",12,66,1611
"TeST]c4.🥡️.®™",9,57,1600
"xdb",10,70,1614
"🏡.house_1]a3.®™",11,98,1615
"$",12,67,1616
"+x",12,68,1616
"NeVV.🗡️]a2.®™",12,69,1616
"+x",13,40,1619
"plugins",13,41,1619
"xdb",13,42,1619
"xs",13,43,1619
"NeVV.🗡️]b3.®™",12,70,1616
"+x",13,44,1624
"plugins",13,45,1624
"xdb",13,46,1624
"xs",13,47,1624
"maps",12,71,1616
"p0od]b1.🐩️.®™",12,72,1616
"+x",13,48,1630
"plugins",13,49,1630
"maps",14,22,1632
"xdb",13,50,1630
"plugins",12,73,1616
"clock_1",13,51,1635
"maps",13,52,1635
"xdb",12,74,1616
"🏡.house_1]b5.®™",10,71,1614
"#.🐩️",11,99,1639
"$",11,100,1639
"+x",11,101,1639
"NeVV.🗡️]b3.®™",11,102,1639
"+x",12,75,1643
"plugins",12,76,1643
"xdb",12,77,1643
"xs",12,78,1643
"inventory",11,103,1639
"maps",11,104,1639
"p0od]g15.🐩️.®™]",11,105,1639
"+x",12,79,1650
"history",12,80,1650
"maps",12,81,1650
"md",12,82,1650
"plugins",12,83,1650
"maps",13,53,1655
"xdb",12,84,1650
"xs",12,85,1650
"🔺️",12,86,1650
"🗒️",12,87,1650
"plugins",11,106,1639
"clock_1",12,88,1661
"maps",12,89,1661
"teST.🪣️]a0.b3.®™(recurs.inventory)",11,107,1639
"xdb",11,108,1639
"xdb",12,90,1665
"🏭️.factory_1]a0.®™",10,72,1614
"+x",11,109,1667
"kAmi]a0.🎥️..®™",11,110,1667
"+x",12,91,1669
"maps",11,111,1667
"#.GiLi.🐕‍🦺️.®™++]c5",8,80,1599
"$",9,58,1672
"+-",9,59,1672
"+x",9,60,1672
"plugins(='+-')",9,61,1672
"xdb",9,62,1672
"xs",9,63,1672
"▪️➕️✖️",9,64,1672
"▪️➕️➖️",9,65,1672
"▪️💲️",9,66,1672
"▪️🔌️",9,67,1672
"▪️🗄️",9,68,1672
"ha0p.🐶.®™",10,73,1683
"+x",11,112,1684
"plugins",11,113,1684
"🐕️.MQ.c[LEGENDARY]b2",9,69,1672
"+-",10,74,1687
"+x",10,75,1687
"TeST]d5.🥡️.®™]SWEET]a0",10,76,1687
"xdb",11,114,1690
"🏡.house_1]b7.®™",11,115,1690
"#.🐩️",12,92,1692
"$",12,93,1692
"+x",12,94,1692
"NeVV.🗡️]b3.®™",12,95,1692
"+x",13,54,1696
"plugins",13,55,1696
"xdb",13,56,1696
"xs",13,57,1696
"inventory",12,96,1692
"maps",12,97,1692
"p0od]g15.🐩️.®™]PURE",12,98,1692
"+x",13,58,1703
"history",13,59,1703
"maps",13,60,1703
"md",13,61,1703
"plugins",13,62,1703
"maps",14,23,1708
"xdb",13,63,1703
"xs",13,64,1703
"🔺️",13,65,1703
"🗒️",13,66,1703
"p0od]g15.🐩️.®™]⌨️🔮️]g11]TSON",12,99,1692
"+x",13,67,1714
"history",13,68,1714
"maps",13,69,1714
"md",13,70,1714
"plugins",13,71,1714
"maps",14,24,1719
"xdb",13,72,1714
"history",14,25,1721
"xs",13,73,1714
"🔺️",13,74,1714
"🗒️",13,75,1714
"p0od]h16.🐩️.®™]PURE+kbd.sub.+x🪚️",12,100,1692
"+x",13,76,1726
"history",13,77,1726
"maps",13,78,1726
"md",13,79,1726
"plugins",13,80,1726
"maps",14,26,1731
"xdb",13,81,1726
"xs",13,82,1726
"🔺️",13,83,1726
"🗒️",13,84,1726
"plugins",12,101,1692
"clock_1",13,85,1737
"maps",13,86,1737
"teST.🪣️]a0.®™(recurs.inventory)",12,102,1692
"🏭️.factory_1]a0.®™",11,116,1690
"+x",12,103,1741
"kAmi]a0.🎥️..®™",12,104,1741
"+x",13,87,1743
"maps",12,105,1741
"xdb",10,77,1687
"xs",10,78,1687
"ha0p.🐶.®™",11,117,1747
"+x",12,106,1748
"plugins",12,107,1748
"🏡.house_1.®™",11,118,1747
"$",12,108,1751
"NeVV.🗡️.®™",12,109,1751
"+x",13,88,1753
"ha0p.🐶.®™",12,110,1751
"+x",13,89,1755
"plugins",13,90,1755
"maps",12,111,1751
"plugins",12,112,1751
"clock_1",13,91,1759
"map_1",13,92,1759
"📥️
🎁️",10,79,1687
">.grok.2️⃣️d.orb]🇬🇮️
🔮️
♟️]3]0000",11,119,1762
"+x",12,113,1763
"xdb",12,114,1763
"?-2-vga&hdmi]📹️]STATIC",11,120,1762
"+x",12,115,1766
"xs",12,116,1766
"xs",11,121,1762
"0.kbd-edit-rend]1]ORCH]🪶️]0000",12,117,1769
"+x",13,93,1770
"w8.orch-broke+bin-inode-sys🗃️",13,94,1770
"fs-canbe-seperate]SMORT",14,27,1772
"xdb",13,95,1770
"xs",13,96,1770
"🇧🇹️.level.up]23d]Ⱄ℠",12,118,1769
"+x",13,97,1776
"🔺️",10,80,1687
"obsolete?",11,122,1778
"$",8,81,1599
"+x",8,82,1599
"xdb",8,83,1599
"xs",8,84,1599
"▪️🗄️",8,85,1599
"ha0p.🐶.®™",9,70,1784
"+x",10,81,1785
"plugins",10,82,1785
"🥡️",4,163,1570
"🦀️",4,164,1570
"🦑️",4,165,1570
"🦠️",4,166,1570
"🦦️",4,167,1570
"🛸️",1,42,0
"🤐️",1,43,0
"🏎️",2,103,1794
"🚀️",2,104,1794
"🛩️",3,200,1796
"🛰️",3,201,1796
"🤩",1,44,0
"__MACOSX",2,105,1799
"🤩",3,202,1800
"xdb",4,168,1801
"🤩",2,106,1799
"xdb",3,203,1803
"🦍[GG.INC]",1,45,0
"!.munqio.galaxy
🐒
🌍
📍️",2,107,1805
"p0od]h18.🐩️.®™]⌨️😎️].TSON👸🏻️",3,204,1806
"+x",4,169,1807
"ER",4,170,1807
"history",4,171,1807
"maps",4,172,1807
"md",4,173,1807
"plugins",4,174,1807
"maps",5,192,1813
"xdb",4,175,1807
"history",5,193,1815
"xs",5,194,1815
"🔺️",4,176,1807
"🗒️",4,177,1807
"xdb",3,205,1806
"🗡️
🔺️.",3,206,1806
"history",4,178,1821
"G.Gamifli
🪰️🦍🏅️]G6]H1",2,108,1805
"+x",3,207,1823
"dox",3,208,1823
"xdb",3,209,1823
"621578",4,179,1826
"er",4,180,1826
"xs",4,181,1826
"xs",3,210,1823
"🍴️",3,211,1823
"#.fork.slack.$$$",4,182,1831
"#.fork]b1]og]ez]demo?=disc*",4,183,1831
"+x",5,195,1833
"xdb",5,196,1833
"+x",4,184,1831
"ux",4,185,1831
"xdb",4,186,1831
"赢]pivot-2-learn-chinese-with-dict",4,187,1831
"xdb",2,109,1805
"🧙️🪄️🤯️",1,46,0
"!.水 (water)\, 2=书 (book)",2,110,1841
"+x",3,212,1842
"xdb",3,213,1842
"🌾🏯",2,111,1841
"+x",3,214,1845
"xdb",3,215,1845
"🧰️",1,47,0
"!.cli.with.indexes+🥌️🎁️💽️🤔️💭️🇬🇮️]a1",2,112,1848
"+x",3,216,1849
"xdb",3,217,1849
"0.dir.search.word.arg🗃️🔬️]a1",2,113,1848
"+x",3,218,1852
"xdb",3,219,1852
"^.🖥️🚀️➕️❎️",2,114,1848
"er",2,115,1848
"unix_history]🗃️",2,116,1848
"+x",3,220,1857
"xdb",2,117,1848
"🥡️.fb.tools",2,118,1848
"py",3,221,1860
"xdb",3,222,1860
"🪙️",1,48,0
